loss,accuracy,val_loss,val_accuracy
0.1649143397808075,0.9367989897727966,0.01558138057589531,0.9931034445762634
0.008910578675568104,0.9978429675102234,0.006060687359422445,0.998275876045227
0.0026968317106366158,0.9995685815811157,0.005314271431416273,0.998275876045227
0.0012470621149986982,0.9997842907905579,0.006182120647281408,0.9974138140678406
0.0007098432397469878,1.0,0.005217361729592085,0.998275876045227
